srcNode_dstNode_flowId,flowSizeBytes,startTimeNs,endTimeNs,fctNs,baseRttNs,targetRttNs,rtoNs,bdpBytes,maxCwndBytes,oooCount,oooAvgDistance,oooMaxDistance,totalPackets
0_62_3,2000000,0.000000,177883.520000,177883.520000,10264.960000,10497.600000,99541.440000,128312,192468,307,5.941368,16,497
168907840_14_25,2000000,0.000000,178139.520000,178139.520000,10241.280000,10497.600000,99541.440000,128016,192024,290,5.637931,17,497
0_117_97,2000000,0.000000,182271.360000,182271.360000,9947.520000,10497.600000,99541.440000,124344,186516,319,8.047022,20,497
0_12_52,2000000,0.000000,185855.360000,185855.360000,13996.800000,10497.600000,99541.440000,174960,262440,340,7.405882,24,497
0_1_31,2000000,0.000000,186327.680000,186327.680000,13996.800000,10497.600000,99541.440000,174960,262440,350,9.897143,28,497
0_10_37,2000000,0.000000,186778.240000,186778.240000,9942.400000,10497.600000,99541.440000,124279,186418,314,10.076433,30,497
0_53_21,2000000,0.000000,187244.160000,187244.160000,9937.280000,10497.600000,99541.440000,124216,186324,316,12.702532,33,497
0_63_92,2000000,0.000000,187328.000000,187328.000000,13996.800000,10497.600000,99541.440000,174960,262440,376,9.039894,25,497
0_48_82,2000000,0.000000,187815.680000,187815.680000,13996.800000,10497.600000,99541.440000,174960,262440,354,8.217514,26,497
0_87_15,2000000,0.000000,188195.200000,188195.200000,13996.800000,10497.600000,99541.440000,174960,262440,376,11.452128,34,497
0_58_22,2000000,0.000000,188747.520000,188747.520000,13996.800000,10497.600000,99541.440000,174960,262440,366,9.344262,31,497
0_20_80,2000000,0.000000,189070.720000,189070.720000,13996.800000,10497.600000,99541.440000,174960,262440,393,12.325700,36,497
0_49_54,2000000,0.000000,189874.560000,189874.560000,13978.880000,10497.600000,99541.440000,174736,262104,364,10.167582,33,497
169424608_61_27,2000000,0.000000,190074.240000,190074.240000,13996.800000,10497.600000,99541.440000,174960,262440,348,14.399425,33,497
0_94_64,2000000,0.000000,190355.840000,190355.840000,13996.800000,10497.600000,99541.440000,174960,262440,376,9.513298,33,497
0_11_113,2000000,0.000000,190437.120000,190437.120000,13996.800000,10497.600000,99541.440000,174960,262440,351,8.341880,26,497
0_68_90,2000000,0.000000,190539.520000,190539.520000,13996.800000,10497.600000,99541.440000,174960,262440,384,11.591146,36,497
0_7_39,2000000,0.000000,190549.760000,190549.760000,13996.800000,10497.600000,99541.440000,174960,262440,382,18.222513,50,497
0_116_5,2000000,0.000000,190893.440000,190893.440000,13996.800000,10497.600000,99541.440000,174960,262440,390,11.538462,33,497
0_124_77,2000000,0.000000,191067.520000,191067.520000,13996.800000,10497.600000,99541.440000,174960,262440,378,12.716931,36,497
858939186_34_105,2000000,0.000000,191502.080000,191502.080000,13996.800000,10497.600000,99541.440000,174960,262440,361,9.977839,33,497
0_0_110,2000000,0.000000,191661.440000,191661.440000,13996.800000,10497.600000,99541.440000,174960,262440,355,8.907042,26,497
170063136_59_29,2000000,0.000000,191774.080000,191774.080000,13996.800000,10497.600000,99541.440000,174960,262440,377,11.405836,36,497
0_32_1,2000000,0.000000,191856.000000,191856.000000,13996.800000,10497.600000,99541.440000,174960,262440,353,8.424929,26,497
0_66_99,2000000,0.000000,191891.200000,191891.200000,13996.800000,10497.600000,99541.440000,174960,262440,369,10.243902,35,497
0_55_10,2000000,0.000000,192210.560000,192210.560000,9800.320000,10497.600000,99541.440000,122503,183754,337,18.427300,38,497
0_88_119,2000000,0.000000,192355.840000,192355.840000,9937.280000,10497.600000,99541.440000,124216,186324,329,17.398176,36,497
0_46_98,2000000,0.000000,192419.200000,192419.200000,9564.800000,10497.600000,99541.440000,119560,179340,330,15.472727,42,497
0_67_112,2000000,0.000000,192874.880000,192874.880000,13996.800000,10497.600000,99541.440000,174960,262440,374,10.425134,26,497
0_102_74,2000000,0.000000,192915.200000,192915.200000,13996.800000,10497.600000,99541.440000,174960,262440,404,15.443069,43,497
0_113_65,2000000,0.000000,192933.120000,192933.120000,13996.800000,10497.600000,99541.440000,174960,262440,370,10.208108,29,497
0_30_73,2000000,0.000000,193232.640000,193232.640000,13996.800000,10497.600000,99541.440000,174960,262440,396,12.704545,36,497
0_37_84,2000000,0.000000,193306.240000,193306.240000,9995.520000,10497.600000,99541.440000,124944,187416,317,11.706625,29,497
0_121_91,2000000,0.000000,193468.800000,193468.800000,13996.800000,10497.600000,99541.440000,174960,262440,374,11.438503,32,497
0_64_81,2000000,0.000000,193832.320000,193832.320000,13996.800000,10497.600000,99541.440000,174960,262440,358,12.474860,38,497
0_40_95,2000000,0.000000,193869.440000,193869.440000,10264.960000,10497.600000,99541.440000,128312,192468,321,14.647975,34,497
0_112_30,2000000,0.000000,193898.240000,193898.240000,13996.800000,10497.600000,99541.440000,174960,262440,365,10.663014,32,497
0_115_57,2000000,0.000000,194093.440000,194093.440000,13996.800000,10497.600000,99541.440000,174960,262440,379,10.583113,34,497
0_25_63,2000000,0.000000,194248.960000,194248.960000,13996.800000,10497.600000,99541.440000,174960,262440,383,11.637076,32,497
0_125_42,2000000,0.000000,194250.880000,194250.880000,13996.800000,10497.600000,99541.440000,174960,262440,381,10.582677,30,497
0_114_12,2000000,0.000000,194850.560000,194850.560000,13996.800000,10497.600000,99541.440000,174960,262440,368,9.894022,32,497
0_101_66,2000000,0.000000,194904.320000,194904.320000,13996.800000,10497.600000,99541.440000,174960,262440,401,14.995012,44,497
0_23_38,2000000,0.000000,195393.920000,195393.920000,13996.800000,10497.600000,99541.440000,174960,262440,389,14.478149,35,497
0_120_50,2000000,0.000000,195440.000000,195440.000000,13996.800000,10497.600000,99541.440000,174960,262440,376,13.210106,34,497
0_74_44,2000000,0.000000,195445.120000,195445.120000,13388.800000,10497.600000,99541.440000,167360,251040,389,13.215938,38,497
0_3_46,2000000,0.000000,195566.080000,195566.080000,9052.160000,10497.600000,99541.440000,113152,169728,350,17.048571,34,497
0_82_124,2000000,0.000000,195822.720000,195822.720000,13996.800000,10497.600000,99541.440000,174960,262440,378,16.449735,40,497
0_27_76,2000000,0.000000,195981.440000,195981.440000,13996.800000,10497.600000,99541.440000,174960,262440,377,11.949602,35,497
0_50_18,2000000,0.000000,196059.520000,196059.520000,13996.800000,10497.600000,99541.440000,174960,262440,372,19.424731,42,497
0_76_123,2000000,0.000000,196064.000000,196064.000000,13996.800000,10497.600000,99541.440000,174960,262440,383,11.608355,36,497
0_86_51,2000000,0.000000,196082.560000,196082.560000,13996.800000,10497.600000,99541.440000,174960,262440,361,14.204986,38,497
0_60_100,2000000,0.000000,196140.800000,196140.800000,13996.800000,10497.600000,99541.440000,174960,262440,389,13.925450,38,497
0_83_23,2000000,0.000000,196150.400000,196150.400000,13996.800000,10497.600000,99541.440000,174960,262440,376,16.537234,39,497
0_71_122,2000000,0.000000,196263.680000,196263.680000,13996.800000,10497.600000,99541.440000,174960,262440,397,14.335013,38,497
0_4_118,2000000,0.000000,196417.920000,196417.920000,13996.800000,10497.600000,99541.440000,174960,262440,373,12.871314,40,497
0_29_62,2000000,0.000000,196448.000000,196448.000000,13996.800000,10497.600000,99541.440000,174960,262440,383,16.767624,50,497
0_13_36,2000000,0.000000,196488.960000,196488.960000,13521.920000,10497.600000,99541.440000,169024,253536,386,19.142487,41,497
0_127_14,2000000,0.000000,196509.440000,196509.440000,13996.800000,10497.600000,99541.440000,174960,262440,382,14.848168,41,497
0_52_107,2000000,0.000000,196560.640000,196560.640000,13306.240000,10497.600000,99541.440000,166328,249492,356,10.606742,33,497
0_91_17,2000000,0.000000,196659.840000,196659.840000,13996.800000,10497.600000,99541.440000,174960,262440,369,14.880759,35,497
0_79_16,2000000,0.000000,196719.360000,196719.360000,13996.800000,10497.600000,99541.440000,174960,262440,392,11.515306,39,497
0_84_68,2000000,0.000000,196763.520000,196763.520000,13996.800000,10497.600000,99541.440000,174960,262440,385,14.677922,39,497
0_96_83,2000000,0.000000,196770.560000,196770.560000,13618.560000,10497.600000,99541.440000,170232,255348,392,16.609694,46,497
0_72_104,2000000,0.000000,196944.640000,196944.640000,13996.800000,10497.600000,99541.440000,174960,262440,385,12.971429,42,497
0_39_109,2000000,0.000000,196960.000000,196960.000000,13996.800000,10497.600000,99541.440000,174960,262440,332,12.713855,36,497
0_65_13,2000000,0.000000,197098.240000,197098.240000,13996.800000,10497.600000,99541.440000,174960,262440,378,25.645503,54,497
858939186_92_53,2000000,0.000000,197123.840000,197123.840000,13996.800000,10497.600000,99541.440000,174960,262440,378,13.248677,42,497
0_69_120,2000000,0.000000,197133.440000,197133.440000,13996.800000,10497.600000,99541.440000,174960,262440,367,10.019074,28,497
0_24_48,2000000,0.000000,197134.720000,197134.720000,13996.800000,10497.600000,99541.440000,174960,262440,392,14.538265,41,497
0_119_8,2000000,0.000000,197135.360000,197135.360000,13996.800000,10497.600000,99541.440000,174960,262440,393,15.715013,42,497
0_75_43,2000000,0.000000,197272.320000,197272.320000,13996.800000,10497.600000,99541.440000,174960,262440,400,12.880000,39,497
0_47_33,2000000,0.000000,197364.480000,197364.480000,13996.800000,10497.600000,99541.440000,174960,262440,364,17.725275,43,497
0_54_125,2000000,0.000000,197543.680000,197543.680000,13976.320000,10497.600000,99541.440000,174704,262056,353,21.147309,47,497
0_6_4,2000000,0.000000,197804.800000,197804.800000,13996.800000,10497.600000,99541.440000,174960,262440,387,17.821705,47,497
0_109_2,2000000,0.000000,198214.400000,198214.400000,13996.800000,10497.600000,99541.440000,174960,262440,420,20.185714,58,497
0_36_70,2000000,0.000000,198306.560000,198306.560000,13996.800000,10497.600000,99541.440000,174960,262440,383,14.699739,46,497
0_35_49,2000000,0.000000,198444.800000,198444.800000,13996.800000,10497.600000,99541.440000,174960,262440,391,12.892583,45,497
0_103_121,2000000,0.000000,198455.040000,198455.040000,13996.800000,10497.600000,99541.440000,174960,262440,412,19.310680,57,497
1700077626_38_106,2000000,0.000000,198624.640000,198624.640000,13996.800000,10497.600000,99541.440000,174960,262440,371,14.393531,43,497
0_81_59,2000000,0.000000,198711.040000,198711.040000,13996.800000,10497.600000,99541.440000,174960,262440,408,19.031863,48,497
0_22_7,2000000,0.000000,198782.720000,198782.720000,13996.800000,10497.600000,99541.440000,174960,262440,379,13.817942,38,497
0_118_32,2000000,0.000000,198920.960000,198920.960000,13996.800000,10497.600000,99541.440000,174960,262440,400,17.392500,47,497
0_100_41,2000000,0.000000,198977.280000,198977.280000,13996.800000,10497.600000,99541.440000,174960,262440,385,16.459740,49,497
0_21_127,2000000,0.000000,199048.960000,199048.960000,13493.120000,10497.600000,99541.440000,168664,252996,382,21.421466,51,497
0_105_116,2000000,0.000000,199217.280000,199217.280000,13996.800000,10497.600000,99541.440000,174960,262440,401,11.466334,36,497
0_93_9,2000000,0.000000,199264.640000,199264.640000,13617.920000,10497.600000,99541.440000,170224,255336,346,16.000000,39,497
0_42_94,2000000,0.000000,199504.640000,199504.640000,13996.800000,10497.600000,99541.440000,174960,262440,372,16.341398,39,497
169173408_107_26,2000000,0.000000,199544.960000,199544.960000,13996.800000,10497.600000,99541.440000,174960,262440,398,14.369347,45,497
0_78_45,2000000,0.000000,199827.200000,199827.200000,13996.800000,10497.600000,99541.440000,174960,262440,394,17.751269,47,497
0_123_114,2000000,0.000000,199847.680000,199847.680000,13996.800000,10497.600000,99541.440000,174960,262440,391,16.695652,44,497
0_26_85,2000000,0.000000,199874.560000,199874.560000,13996.800000,10497.600000,99541.440000,174960,262440,393,20.737913,56,497
0_57_128,2000000,0.000000,200119.040000,200119.040000,13996.800000,10497.600000,99541.440000,174960,262440,405,21.249383,48,497
0_97_11,2000000,0.000000,200441.600000,200441.600000,13996.800000,10497.600000,99541.440000,174960,262440,390,14.305128,41,497
0_56_117,2000000,0.000000,200462.080000,200462.080000,13593.600000,10497.600000,99541.440000,169920,254880,398,23.804020,68,497
0_43_115,2000000,0.000000,200836.480000,200836.480000,13996.800000,10497.600000,99541.440000,174960,262440,376,17.667553,39,497
0_33_78,2000000,0.000000,200902.400000,200902.400000,13936.000000,10497.600000,99541.440000,174200,261300,384,13.770833,39,497
0_85_86,2000000,0.000000,201091.840000,201091.840000,13996.800000,10497.600000,99541.440000,174960,262440,388,13.997423,38,497
0_99_88,2000000,0.000000,201117.440000,201117.440000,13996.800000,10497.600000,99541.440000,174960,262440,425,22.207059,50,497
0_70_24,2000000,0.000000,201224.960000,201224.960000,13996.800000,10497.600000,99541.440000,174960,262440,362,19.831492,47,497
0_90_40,2000000,0.000000,201257.600000,201257.600000,13996.800000,10497.600000,99541.440000,174960,262440,365,21.295890,51,497
0_110_96,2000000,0.000000,201516.800000,201516.800000,13996.800000,10497.600000,99541.440000,174960,262440,422,22.037915,62,497
0_89_102,2000000,0.000000,201585.280000,201585.280000,13386.240000,10497.600000,99541.440000,167328,250992,381,24.233596,53,497
0_9_101,2000000,0.000000,201772.800000,201772.800000,13996.800000,10497.600000,99541.440000,174960,262440,368,17.171196,43,497
0_31_71,2000000,0.000000,202059.520000,202059.520000,13996.800000,10497.600000,99541.440000,174960,262440,376,15.859043,45,497
0_77_75,2000000,0.000000,202105.600000,202105.600000,13996.800000,10497.600000,99541.440000,174960,262440,392,22.040816,53,497
0_104_34,2000000,0.000000,202110.720000,202110.720000,13875.840000,10497.600000,99541.440000,173448,260172,418,22.885167,62,497
0_2_58,2000000,0.000000,202730.240000,202730.240000,13996.800000,10497.600000,99541.440000,174960,262440,422,29.300948,66,497
0_98_89,2000000,0.000000,202760.960000,202760.960000,13996.800000,10497.600000,99541.440000,174960,262440,388,17.778351,58,497
0_73_69,2000000,0.000000,202781.440000,202781.440000,13996.800000,10497.600000,99541.440000,174960,262440,387,16.180879,44,497
0_45_72,2000000,0.000000,202940.160000,202940.160000,13996.800000,10497.600000,99541.440000,174960,262440,358,29.410615,60,497
0_41_55,2000000,0.000000,203114.240000,203114.240000,13996.800000,10497.600000,99541.440000,174960,262440,395,22.921519,53,497
0_126_47,2000000,0.000000,203139.840000,203139.840000,13782.400000,10497.600000,99541.440000,172280,258420,384,17.283854,59,497
0_80_60,2000000,0.000000,203139.840000,203139.840000,13245.440000,10497.600000,99541.440000,165568,248352,381,14.052493,41,497
0_51_6,2000000,0.000000,203390.720000,203390.720000,13996.800000,10497.600000,99541.440000,174960,262440,364,17.109890,44,497
0_122_103,2000000,0.000000,203769.600000,203769.600000,13996.800000,10497.600000,99541.440000,174960,262440,368,19.491848,49,497
0_15_108,2000000,0.000000,204122.880000,204122.880000,13996.800000,10497.600000,99541.440000,174960,262440,419,25.494033,62,497
169873808_108_28,2000000,0.000000,204476.160000,204476.160000,13552.640000,10497.600000,99541.440000,169408,254112,431,26.018561,67,497
0_8_126,2000000,0.000000,204732.160000,204732.160000,13880.320000,10497.600000,99541.440000,173504,260256,378,21.082011,53,497
0_18_79,2000000,0.000000,204885.760000,204885.760000,13996.800000,10497.600000,99541.440000,174960,262440,396,18.512626,47,497
0_28_87,2000000,0.000000,205356.800000,205356.800000,13996.800000,10497.600000,99541.440000,174960,262440,421,20.603325,54,497
0_44_67,2000000,0.000000,205372.160000,205372.160000,13996.800000,10497.600000,99541.440000,174960,262440,401,18.897756,51,497
0_95_56,2000000,0.000000,205638.400000,205638.400000,12597.120000,10497.600000,99541.440000,157464,236196,379,28.261214,76,497
0_16_111,2000000,0.000000,206196.480000,206196.480000,13996.800000,10497.600000,99541.440000,174960,262440,389,16.071979,48,497
0_106_35,2000000,0.000000,207824.000000,207824.000000,13029.120000,10497.600000,99541.440000,162864,244296,402,24.529851,66,497
0_5_61,2000000,0.000000,207932.160000,207932.160000,12722.560000,10497.600000,99541.440000,159032,238548,326,28.190184,59,497
0_17_19,2000000,0.000000,210128.640000,210128.640000,13996.800000,10497.600000,99541.440000,174960,262440,412,26.512136,63,497
0_111_20,2000000,0.000000,211797.760000,211797.760000,13996.800000,10497.600000,99541.440000,174960,262440,387,22.922481,60,497
0_19_93,2000000,0.000000,215714.560000,215714.560000,13547.520000,10497.600000,99541.440000,169344,254016,385,27.698701,64,497
